Trait,N samples,GWAS Catalog Accession Number
IgD+ %B cell,3756,GCST90001391
IgD+ CD38br AC,3754,GCST90001392
IgD+ CD38dim %B cell,3755,GCST90001393
IgD+ CD38dim AC,3754,GCST90001394
IgD+ CD38- %B cell,3755,GCST90001395
IgD+ CD38- AC,3754,GCST90001396
Unsw mem %B cell,3755,GCST90001397
Unsw mem AC,3754,GCST90001398
IgD- CD27- %B cell,3755,GCST90001399
IgD+ AC,3755,GCST90001400
IgD- CD27- AC,3754,GCST90001401
Sw mem %B cell,3755,GCST90001402
Sw mem AC,3754,GCST90001403
PB/PC %B cell,3756,GCST90001404
PB/PC AC,3755,GCST90001405
Memory B cell %B cell,3755,GCST90001406
Memory B cell AC,3754,GCST90001407
Naive-mature B cell %B cell,3755,GCST90001408
Naive-mature B cell AC,3754,GCST90001409
IgD- CD38br %B cell,3755,GCST90001410
IgD+ CD24+ %B cell,3755,GCST90001411
IgD+ CD24+ AC,3754,GCST90001412
IgD- CD24- %B cell,3755,GCST90001413
IgD- CD24- AC,3754,GCST90001414
IgD+ CD24- %B cell,3755,GCST90001415
IgD+ CD24- AC,3754,GCST90001416
CD24+ CD27+ %B cell,3755,GCST90001417
CD24+ CD27+ AC,3754,GCST90001418
CD20- %B cell,3756,GCST90001419
IgD- CD38br AC,3754,GCST90001420
CD20- AC,3755,GCST90001421
CD20- CD38- %B cell,3757,GCST90001422
CD20- CD38- AC,3756,GCST90001423
IgD+ %Lymphocyte,3755,GCST90001424
IgD- CD38br %lymphocyte,3754,GCST90001425
IgD- CD38dim %lymphocyte,3754,GCST90001426
IgD- CD38- %lymphocyte,3754,GCST90001427
IgD- CD38dim %B cell,3755,GCST90001428
IgD+ CD38br %lymphocyte,3754,GCST90001429
IgD+ CD38dim %lymphocyte,3754,GCST90001430
IgD+ CD38- %lymphocyte,3754,GCST90001431
Unsw Mem %lymphocyte,3754,GCST90001432
IgD- CD27- %lymphocyte,3754,GCST90001433
Sw mem %lymphocyte,3754,GCST90001434
PB/PC %lymphocyte,3755,GCST90001435
Memory B cell %lymphocyte,3754,GCST90001436
Naive-mature B cell %lymphocyte,3754,GCST90001437
IgD- CD38dim AC,3754,GCST90001438
IgD+ CD24+ %lymphocyte,3754,GCST90001439
IgD- CD24- %lymphocyte,3754,GCST90001440
IgD+ CD24- %lymphocyte,3754,GCST90001441
CD24+ CD27+ %lymphocyte,3754,GCST90001442
CD20- %lymphocyte,3755,GCST90001443
CD20- CD38- %lymphocyte,3756,GCST90001444
IgD- CD38- %B cell,3755,GCST90001445
IgD- CD38- AC,3754,GCST90001446
IgD+ CD38br %B cell,3755,GCST90001447
CD11c+ monocyte AC,3020,GCST90001448
CD11c+ monocyte %monocyte,3043,GCST90001449
CD62L- monocyte AC,3019,GCST90001450
CD62L- monocyte %monocyte,3042,GCST90001451
CD11c+ CD62L- monocyte AC,3017,GCST90001452
CD11c+ CD62L- monocyte %monocyte,3040,GCST90001453
CD62L- HLA DR++ monocyte AC,3018,GCST90001454
CD62L- HLA DR++ monocyte %monocyte,3041,GCST90001455
CD11c+ HLA DR++ monocyte AC,3019,GCST90001456
CD11c+ HLA DR++ monocyte %monocyte,3042,GCST90001457
Myeloid DC AC,3387,GCST90001458
Myeloid DC %DC,3410,GCST90001459
Plasmacytoid DC AC,3374,GCST90001460
DC AC,3374,GCST90001461
CD62L- DC AC,3387,GCST90001462
CD62L- DC %DC,3410,GCST90001463
CD86+ myeloid DC AC,3387,GCST90001464
CD86+ myeloid DC %DC,3410,GCST90001465
CD86+ plasmacytoid DC AC,3374,GCST90001466
CD86+ plasmacytoid DC %DC,3410,GCST90001467
CD62L- myeloid DC AC,3387,GCST90001468
CD62L- myeloid DC %DC,3410,GCST90001469
CD62L- plasmacytoid DC AC,3374,GCST90001470
CD62L- plasmacytoid DC %DC,3410,GCST90001471
CD62L- CD86+ myeloid DC AC,3387,GCST90001472
CD62L- CD86+ myeloid DC %DC,3410,GCST90001473
Plasmacytoid DC %DC,3410,GCST90001474
HLA DR++ monocyte %monocyte,3595,GCST90001475
HLA DR++ monocyte %leukocyte,3595,GCST90001476
HLA DR++ monocyte AC,3579,GCST90001477
CD4 Treg %CD4,3437,GCST90001478
CD4 Treg %T cell,3437,GCST90001479
Resting Treg AC,3405,GCST90001480
Resting Treg % CD4 Treg,3437,GCST90001481
Resting Treg %CD4 ,3437,GCST90001482
CD39+ resting Treg AC,3405,GCST90001483
CD39+ resting Treg %resting Treg,3437,GCST90001484
CD39+ resting Treg % CD4 Treg,3437,GCST90001485
Activated Treg AC,3405,GCST90001486
Activated Treg %CD4 Treg,3437,GCST90001487
Activated Treg %CD4,3437,GCST90001488
CD39+ activated Treg AC,3405,GCST90001489
CD39+ activated Treg %activated Treg,3437,GCST90001490
CD39+ activated Treg %CD4 Treg,3437,GCST90001491
Secreting Treg AC,3405,GCST90001492
Secreting Treg % CD4 Treg,3437,GCST90001493
Secreting Treg %CD4,3437,GCST90001494
CD39+ secreting Treg  AC,3405,GCST90001495
CD39+ secreting Treg %secreting Treg,3437,GCST90001496
CD39+ secreting Treg %CD4 Treg,3437,GCST90001497
Activated & resting Treg AC,3405,GCST90001498
Activated & resting Treg % CD4 Treg,3437,GCST90001499
Activated & resting Treg %CD4+,3437,GCST90001500
Activated & secreting Treg AC,3405,GCST90001501
Activated & secreting Treg %CD4 Treg,3437,GCST90001502
Activated & secreting Treg %CD4+,3437,GCST90001503
CD25hi AC,3405,GCST90001504
CD25hi %CD4+,3437,GCST90001505
CD25hi %T cell,3437,GCST90001506
CD25hi CD45RA+ CD4 not Treg AC,3405,GCST90001507
CD25hi CD45RA+ CD4 not Treg %CD4+,3437,GCST90001508
CD25hi CD45RA+ CD4 not Treg %T cell,3437,GCST90001509
CD25hi CD45RA- CD4 not Treg AC,3405,GCST90001510
CD25hi CD45RA- CD4 not Treg %CD4+,3437,GCST90001511
CD25hi CD45RA- CD4 not Treg %T cell,3437,GCST90001512
CD4 Treg AC,3405,GCST90001513
HSC AC,1930,GCST90001514
Im MDSC AC,1929,GCST90001515
Im MDSC %CD33dim HLA DR- CD66b-,1929,GCST90001516
CD33br HLA DR+ AC,1930,GCST90001517
CD33br HLA DR+ CD14- AC,1930,GCST90001518
CD33br HLA DR+ CD14- %CD33br HLA DR+,1930,GCST90001519
CD33br HLA DR+ CD14dim AC,1930,GCST90001520
CD33br HLA DR+ CD14dim %CD33br HLA DR+,1930,GCST90001521
CD33- HLA DR- AC,1930,GCST90001522
CD33- HLA DR+ AC,1930,GCST90001523
Gr MDSC AC,1928,GCST90001524
CD33dim HLA DR+ CD11b+ AC,1930,GCST90001525
CD33dim HLA DR+ CD11b+ %CD33dim HLA DR+,1930,GCST90001526
CD33dim HLA DR+ CD11b- AC,1930,GCST90001527
CD33dim HLA DR+ CD11b- %CD33dim HLA DR+,1930,GCST90001528
CD66b++ myeloid cell AC,1930,GCST90001529
Mo MDSC AC,1927,GCST90001530
CD33dim HLA DR- AC,1874,GCST90001531
Basophil AC,1929,GCST90001532
Basophil %CD33dim HLA DR- CD66b-,1929,GCST90001533
CD45RA- CD4+ AC,3395,GCST90001534
CD45RA- CD4+ %CD4+,3427,GCST90001535
CD45RA- CD4+ %T cell,3427,GCST90001536
CM CD4+ AC,3395,GCST90001537
CM CD4+ %CD4+,3427,GCST90001538
CM CD4+ %T cell,3427,GCST90001539
Naive CD4+ AC,3395,GCST90001540
Naive CD4+ %CD4+,3427,GCST90001541
EM CD4+ AC,3395,GCST90001542
EM CD4+ %CD4+,3427,GCST90001543
EM CD4+ %T cell,3427,GCST90001544
TD CD4+ AC,3395,GCST90001545
TD CD4+ %CD4+,3427,GCST90001546
TD CD4+ %T cell,3427,GCST90001547
CM CD8br AC,3395,GCST90001548
CM  CD8br %CD8br,3427,GCST90001549
CM CD8br %T cell,3427,GCST90001550
Naive CD8br AC,3395,GCST90001551
Naive  CD8br %CD8br,3427,GCST90001552
Naive CD8br %T cell,3427,GCST90001553
EM CD8br AC,3395,GCST90001554
EM CD8br %CD8br,3427,GCST90001555
EM CD8br %T cell,3427,GCST90001556
TD CD8br AC,3395,GCST90001557
TD  CD8br %CD8br,3427,GCST90001558
TD CD8br %T cell,3427,GCST90001559
CD45RA+ CD8br AC,3395,GCST90001560
CD45RA+ CD8br  %CD8br,3427,GCST90001561
CD45RA+ CD8br %T cell,3427,GCST90001562
CM DN (CD4-CD8-) AC,3395,GCST90001563
CM DN (CD4-CD8-) %DN,3427,GCST90001564
CM DN (CD4-CD8-) %T cell,3427,GCST90001565
Naive DN (CD4-CD8-) AC,3395,GCST90001566
Naive DN (CD4-CD8-) %DN,3427,GCST90001567
Naive DN (CD4-CD8-) %T cell,3427,GCST90001568
EM DN (CD4-CD8-) AC,3395,GCST90001569
EM DN (CD4-CD8-) %DN,3427,GCST90001570
EM DN (CD4-CD8-) %T cell,3427,GCST90001571
TD DN (CD4-CD8-) AC,3395,GCST90001572
TD DN (CD4-CD8-) %DN,3427,GCST90001573
TD DN (CD4-CD8-) %T cell,3427,GCST90001574
Naive CD4+  %T cell,3427,GCST90001575
Transitional %B cell,3755,GCST90001576
Transitional AC,3754,GCST90001577
Transitional %lymphocyte,3754,GCST90001578
CD14- CD16+ monocyte AC,3727,GCST90001579
CD14+ CD16+ monocyte AC,3727,GCST90001580
CD14- CD16- AC,3727,GCST90001581
CD14+ CD16- monocyte AC,3727,GCST90001582
Monocyte AC,3727,GCST90001583
CD14- CD16+ monocyte %monocyte,3727,GCST90001584
CD14+ CD16+ monocyte %monocyte,3727,GCST90001585
CD14+ CD16- monocyte %monocyte,3727,GCST90001586
CD16+ monocyte %monocyte,3727,GCST90001587
T/B,3728,GCST90001588
CD4/CD8br,3728,GCST90001589
CD4+ AC,3652,GCST90001590
CD4+ %T cell,3668,GCST90001591
CD8br AC,3652,GCST90001592
CD8br %T cell,3668,GCST90001593
DP (CD4+CD8+) AC,3652,GCST90001594
DP (CD4+CD8+) %T cell,3668,GCST90001595
CD8dim AC,3652,GCST90001596
CD8dim %T cell,3668,GCST90001597
DN (CD4-CD8-) AC,3652,GCST90001598
DN (CD4-CD8-) %T cell,3668,GCST90001599
Leukocyte AC,3653,GCST90001600
Lymphocyte AC,3653,GCST90001601
Lymphocyte %leukocyte,3669,GCST90001602
T cell AC,3653,GCST90001603
T cell %lymphocyte,3669,GCST90001604
T cell %leukocyte,3669,GCST90001605
CD4+ %leukocyte,3668,GCST90001606
CD8br %leukocyte,3668,GCST90001607
DP (CD4+CD8+) %leukocyte,3668,GCST90001608
CD4+ CD8dim AC,3652,GCST90001609
CD4+ CD8dim %lymphocyte,3668,GCST90001610
CD4+ CD8dim %leukocyte,3668,GCST90001611
CD8dim %leukocyte,3668,GCST90001612
DN (CD4-CD8-) %leukocyte,3668,GCST90001613
CD8br and CD8dim %leukocyte,3668,GCST90001614
TCRgd AC,3650,GCST90001615
TCRgd %T cell,3666,GCST90001616
TCRgd %lymphocyte,3666,GCST90001617
HLA DR+ T cell AC,3580,GCST90001618
HLA DR+ T cell%T cell,3596,GCST90001619
HLA DR+ T cell%lymphocyte,3596,GCST90001620
NKT AC,3653,GCST90001621
NKT %T cell,3669,GCST90001622
NKT %lymphocyte,3669,GCST90001623
HLA DR+ CD4+ AC,3579,GCST90001624
HLA DR+ CD4+ %T cell,3595,GCST90001625
HLA DR+ CD4+ %lymphocyte,3595,GCST90001626
HLA DR+ CD8br AC,3579,GCST90001627
HLA DR+ CD8br %T cell,3595,GCST90001628
HLA DR+ CD8br %lymphocyte,3595,GCST90001629
CD8br NKT AC,3652,GCST90001630
CD8br NKT %T cell,3668,GCST90001631
CD8br NKT %lymphocyte,3668,GCST90001632
CD8dim NKT AC,3652,GCST90001633
CD8dim NKT %T cell,3668,GCST90001634
CD8dim NKT %lymphocyte,3668,GCST90001635
DN (CD4-CD8-) NKT AC,3652,GCST90001636
DN (CD4-CD8-) NKT %T cell,3668,GCST90001637
DN (CD4-CD8-) NKT %lymphocyte,3668,GCST90001638
CD3- lymphocyte AC,3653,GCST90001639
CD3- lymphocyte %lymphocyte,3669,GCST90001640
CD3- lymphocyte %leukocyte,3669,GCST90001641
B cell AC,3653,GCST90001642
B cell % CD3- lymphocyte,3669,GCST90001643
B cell %lymphocyte,3669,GCST90001644
NK AC,3653,GCST90001645
NK %CD3- lymphocyte,3669,GCST90001646
NK %lymphocyte,3669,GCST90001647
HLA DR+ NK AC,3580,GCST90001648
HLA DR+ NK %NK,3596,GCST90001649
HLA DR+ NK  %CD3- lymphocyte,3596,GCST90001650
Granulocyte AC,3653,GCST90001651
Granulocyte %leukocyte,3669,GCST90001652
CD28- DN (CD4-CD8-) %DN,3440,GCST90001653
CD28- DN (CD4-CD8-) AC,3408,GCST90001654
CD28+ DN (CD4-CD8-) %T cell,3440,GCST90001655
CD28+ DN (CD4-CD8-) %DN,3440,GCST90001656
CD28+ DN (CD4-CD8-) AC,3408,GCST90001657
CD39+ CD4+ %T cell,3440,GCST90001658
CD39+ CD4+ %CD4+,3440,GCST90001659
CD39+ CD4+ AC,3408,GCST90001660
CD28- CD8dim %T cell,3440,GCST90001661
CD28- CD8dim %CD8dim,3440,GCST90001662
CD28- CD8dim AC,3408,GCST90001663
CD28+ CD45RA+ CD8dim %T cell,3440,GCST90001664
CD28+ CD45RA+ CD8dim %CD8dim,3440,GCST90001665
CD28+ CD45RA+ CD8dim AC,3408,GCST90001666
CD28+ CD45RA- CD8dim %T cell,3440,GCST90001667
CD28+ CD45RA- CD8dim %CD8dim,3440,GCST90001668
CD28+ CD45RA- CD8dim AC,3408,GCST90001669
CD39+ CD8br %T cell,3440,GCST90001670
CD39+ CD8br %CD8br,3440,GCST90001671
CD39+ CD8br AC,3408,GCST90001672
CD28- CD127- CD25++ CD8br %T cell,3162,GCST90001673
CD28- CD127- CD25++ CD8br %CD8br,3162,GCST90001674
CD28- CD127- CD25++ CD8br AC,3130,GCST90001675
CD28- CD25++ CD8br %T cell,3162,GCST90001676
CD28- CD25++ CD8br %CD8br,3162,GCST90001677
CD28- CD25++ CD8br AC,3130,GCST90001678
CD25++ CD8br %T cell,3162,GCST90001679
CD25++ CD8br %CD8br,3162,GCST90001680
CD25++ CD8br AC,3130,GCST90001681
CD127- CD8br %T cell,3403,GCST90001682
CD127- CD8br %CD8br,3403,GCST90001683
CD127- CD8br AC,3371,GCST90001684
CD28- CD8br %T cell,3440,GCST90001685
CD28- CD8br %CD8br,3440,GCST90001686
CD28- CD8br AC,3408,GCST90001687
CD28+ CD45RA+ CD8br %T cell,3440,GCST90001688
CD28+ CD45RA+ CD8br %CD8br,3440,GCST90001689
CD28+ CD45RA+ CD8br AC,3408,GCST90001690
CD28+ CD45RA- CD8br %T cell,3440,GCST90001691
CD28+ CD45RA- CD8br %CD8br,3440,GCST90001692
CD28+ CD45RA- CD8br AC,3408,GCST90001693
CD28- DN (CD4-CD8-) %T cell,3440,GCST90001694
CD45RA- CD28- CD8br AC,3408,GCST90001695
CD45RA- CD28- CD8br  %CD8br,3425,GCST90001696
CD45RA- CD28- CD8br %T cell,3425,GCST90001697
CD45RA+ CD28- CD8br AC,3408,GCST90001698
CD45RA+ CD28- CD8br  %CD8br,3425,GCST90001699
CD45RA+ CD28- CD8br %T cell,3425,GCST90001700
BAFF-R on CD20- CD38-,3689,GCST90001701
BAFF-R on CD24+ CD27+,3755,GCST90001702
BAFF-R on IgD+ CD24+,3755,GCST90001703
BAFF-R on IgD+ CD24-,3755,GCST90001704
BAFF-R on IgD+ CD38-,3743,GCST90001705
BAFF-R on IgD+ CD38- naive,1868,GCST90001706
BAFF-R on IgD+ CD38- unsw mem,1868,GCST90001707
BAFF-R on IgD+ CD38br,3754,GCST90001708
BAFF-R on IgD+ CD38dim,3755,GCST90001709
BAFF-R on IgD- CD24-,3755,GCST90001710
BAFF-R on IgD- CD27-,3755,GCST90001711
BAFF-R on IgD- CD38-,3755,GCST90001712
BAFF-R on IgD- CD38br,3757,GCST90001713
BAFF-R on IgD- CD38dim,3755,GCST90001714
BAFF-R on memory B cell,3755,GCST90001715
BAFF-R on naive-mature B cell,3755,GCST90001716
BAFF-R on unsw mem,3755,GCST90001717
BAFF-R on sw mem,3755,GCST90001718
BAFF-R on IgD+,3756,GCST90001719
BAFF-R on transitional,3753,GCST90001720
CD19 on CD20- ,3754,GCST90001721
CD19 on CD20- CD38- ,3692,GCST90001722
CD19 on CD24+ CD27+,3754,GCST90001723
CD19 on IgD+ CD24+,3754,GCST90001724
CD19 on IgD+ CD24-,3754,GCST90001725
CD19 on IgD+ CD38-,3743,GCST90001726
CD19 on IgD+ CD38- naive,1861,GCST90001727
CD19 on IgD+ CD38- unsw mem,1864,GCST90001728
CD19 on IgD+ CD38br,3755,GCST90001729
CD19 on IgD+ CD38dim,3755,GCST90001730
CD19 on IgD- CD24-,3753,GCST90001731
CD19 on IgD- CD27-,3754,GCST90001732
CD19 on IgD- CD38-,3755,GCST90001733
CD19 on IgD- CD38br,3756,GCST90001734
CD19 on IgD- CD38dim,3755,GCST90001735
CD19 on memory B cell,3755,GCST90001736
CD19 on naive-mature B cell,3751,GCST90001737
CD19 on unsw mem,3754,GCST90001738
CD19 on PB/PC,3755,GCST90001739
CD19 on sw mem,3755,GCST90001740
CD19 on IgD+,3756,GCST90001741
CD19 on transitional,3755,GCST90001742
CD20 on B cell,3758,GCST90001743
CD20 on CD20- CD38-,3703,GCST90001744
CD20 on CD24+ CD27+,3755,GCST90001745
CD20 on IgD+ CD24+,3755,GCST90001746
CD20 on IgD+ CD24-,3755,GCST90001747
CD20 on IgD+ CD38-,3743,GCST90001748
CD20 on IgD+ CD38- naive,1865,GCST90001749
CD20 on IgD+ CD38- unsw mem,1867,GCST90001750
CD20 on IgD+ CD38br,3755,GCST90001751
CD20 on IgD+ CD38dim,3755,GCST90001752
CD20 on IgD- CD24-,3755,GCST90001753
CD20 on IgD- CD27-,3755,GCST90001754
CD20 on IgD- CD38-,3755,GCST90001755
CD20 on IgD- CD38br,3757,GCST90001756
CD20 on IgD- CD38dim,3755,GCST90001757
CD20 on memory B cell,3755,GCST90001758
CD20 on naive-mature B cell,3755,GCST90001759
CD20 on unsw mem,3755,GCST90001760
CD20 on sw mem,3755,GCST90001761
CD20 on IgD+,3756,GCST90001762
CD20 on transitional,3755,GCST90001763
CD24 on CD24+ CD27+,3752,GCST90001764
CD24 on IgD+ CD24+,3753,GCST90001765
CD24 on IgD+ CD38-,3736,GCST90001766
CD24 on IgD+ CD38- unsw mem,1863,GCST90001767
CD24 on IgD+ CD38br,3753,GCST90001768
CD24 on IgD- CD38-,3746,GCST90001769
CD24 on IgD- CD38dim,3747,GCST90001770
CD24 on memory B cell,3751,GCST90001771
CD24 on unsw mem,3753,GCST90001772
CD24 on sw mem,3750,GCST90001773
CD24 on transitional,3754,GCST90001774
CD25 on B cell,3758,GCST90001775
CD25 on CD20- CD38-,3600,GCST90001776
CD25 on CD24+ CD27+,3755,GCST90001777
CD25 on IgD+ CD24+,3755,GCST90001778
CD25 on IgD+ CD24-,3755,GCST90001779
CD25 on IgD+ CD38-,3740,GCST90001780
CD25 on IgD+ CD38- naive,1866,GCST90001781
CD25 on IgD+ CD38- unsw mem,1868,GCST90001782
CD25 on IgD+ CD38br,3754,GCST90001783
CD25 on IgD+ CD38dim,3755,GCST90001784
CD25 on IgD- CD24-,3746,GCST90001785
CD25 on IgD- CD27-,3749,GCST90001786
CD25 on IgD- CD38-,3755,GCST90001787
CD25 on IgD- CD38br,3754,GCST90001788
CD25 on IgD- CD38dim,3755,GCST90001789
CD25 on memory B cell,3755,GCST90001790
CD25 on naive-mature B cell,3755,GCST90001791
CD25 on unsw mem,3755,GCST90001792
CD25 on sw mem,3755,GCST90001793
CD25 on IgD+,3756,GCST90001794
CD25 on transitional,3755,GCST90001795
CD27 on CD20-,3732,GCST90001796
CD27 on CD20- CD38-,3689,GCST90001797
CD27 on CD24+ CD27+,3755,GCST90001798
CD27 on T cell,1869,GCST90001799
CD27 on IgD+ CD24+,3754,GCST90001800
CD27 on IgD+ CD38- unsw mem,1867,GCST90001801
CD27 on IgD- CD38-,3755,GCST90001802
CD27 on IgD- CD38br,3740,GCST90001803
CD27 on IgD- CD38dim,3755,GCST90001804
CD27 on memory B cell,3755,GCST90001805
CD27 on unsw mem,3754,GCST90001806
CD27 on PB/PC,3749,GCST90001807
CD27 on sw mem,3755,GCST90001808
CD38 on CD20-,3728,GCST90001809
CD38 on CD3- CD19-,1865,GCST90001810
CD38 on IgD+ CD24-,3754,GCST90001811
CD38 on IgD+ CD38br,3750,GCST90001812
CD38 on IgD+ CD38dim,3752,GCST90001813
CD38 on IgD- CD38br,3742,GCST90001814
CD38 on IgD- CD38dim,3755,GCST90001815
CD38 on naive-mature B cell,3754,GCST90001816
CD38 on PB/PC,3753,GCST90001817
CD38 on IgD+,3756,GCST90001818
CD38 on transitional,3755,GCST90001819
IgD on IgD+ CD24+,3754,GCST90001820
IgD on IgD+ CD24-,3754,GCST90001821
IgD on IgD+ CD38-,3740,GCST90001822
IgD on IgD+ CD38- unsw mem,1865,GCST90001823
IgD on IgD+ CD38br,3754,GCST90001824
IgD on IgD+ CD38dim,3754,GCST90001825
IgD on unsw mem,3731,GCST90001826
IgD on IgD+,3755,GCST90001827
IgD on transitional,3755,GCST90001828
BAFF-R on B cell,3758,GCST90001829
BAFF-R on CD20-,3746,GCST90001830
CD62L on CD62L+ myeloid DC ,2872,GCST90001831
CD62L on CD62L+ plasmacytoid DC ,2872,GCST90001832
CD62L on CD62L+ DC,2871,GCST90001833
CD62L on monocyte,2848,GCST90001834
CD62L on granulocyte,2849,GCST90001835
CD66b on CD66b++ myeloid cell,1465,GCST90001836
CD66b on Gr MDSC,1244,GCST90001837
CD3 on naive CD8br  ,2910,GCST90001838
CD3 on EM CD8br  ,2912,GCST90001839
CD3 on TD CD8br,2911,GCST90001840
CD3 on CM CD4+,2912,GCST90001841
CD3 on Naive CD4+,2910,GCST90001842
CD3 on EM CD4+ ,2912,GCST90001843
CD3 on TD CD4+,2903,GCST90001844
CD3 on CD45RA- CD4+,2911,GCST90001845
CD3 on CM CD8br  ,2910,GCST90001846
CD3 on HLA DR+ T cell ,3060,GCST90001847
CD3 on NKT ,3113,GCST90001848
CD3 on HLA DR+ CD4+,3060,GCST90001849
CD3 on HLA DR+ CD8br,3060,GCST90001850
CD3 on T cell,2919,GCST90001851
CD3 on CD39+ resting Treg ,2649,GCST90001852
CD3 on activated Treg,2919,GCST90001853
CD3 on CD39+ activated Treg,2919,GCST90001854
CD3 on secreting Treg ,2919,GCST90001855
CD3 on CD39+ secreting Treg ,2919,GCST90001856
CD3 on activated & secreting Treg,2919,GCST90001857
CD3 on CD45RA+ CD4+,2919,GCST90001858
CD3 on CD8br,2918,GCST90001859
CD3 on CD39+ CD4+,2919,GCST90001860
CD3 on CD28+ CD4+,2919,GCST90001861
CD3 on CD28+ DN (CD4-CD8-),2918,GCST90001862
CD3 on CD28+ CD45RA- CD8br   ,2919,GCST90001863
CD3 on CD28+ CD45RA+ CD8br,2919,GCST90001864
CD3 on CD28- CD8br ,2919,GCST90001865
CD3 on CD39+ CD8br ,2914,GCST90001866
CD3 on CD4+ ,2919,GCST90001867
CD3 on CD4 Treg ,2919,GCST90001868
CD3 on resting Treg ,2918,GCST90001869
CD34 on HSC,1634,GCST90001870
HVEM on T cell,1247,GCST90001871
HVEM on naive CD8br ,1247,GCST90001872
HVEM on EM CD8br ,1247,GCST90001873
HVEM on TD CD8br ,1247,GCST90001874
HVEM on CD4+ ,1247,GCST90001875
HVEM on CM CD4+,1247,GCST90001876
HVEM on naive CD4+,1247,GCST90001877
HVEM on EM CD4+,1247,GCST90001878
HVEM on TD CD4+,1245,GCST90001879
HVEM on CD45RA- CD4+,1247,GCST90001880
HVEM on CD8br,1247,GCST90001881
HVEM on CM CD8br,1247,GCST90001882
CD16-CD56 on NKT,3113,GCST90001883
CD16-CD56 on NK,3113,GCST90001884
CD16-CD56 on HLA DR+ NK,2971,GCST90001885
CD28 on CD39+ activated Treg,2920,GCST90001886
CD28 on secreting Treg ,2920,GCST90001887
CD28 on CD39+ secreting Treg ,2920,GCST90001888
CD28 on activated & secreting Treg,2920,GCST90001889
CD28 on CD45RA+ CD4+,2920,GCST90001890
CD28 on CD45RA- CD4 not Treg  ,2920,GCST90001891
CD28 on CD39+ CD4+  ,2920,GCST90001892
CD28 on CD28+ CD45RA- CD8br  ,2920,GCST90001893
CD28 on CD28+ CD4+  ,2920,GCST90001894
CD28 on CD28+ DN (CD4-CD8-),2919,GCST90001895
CD28 on CD28+ CD45RA+ CD8br,2920,GCST90001896
CD28 on CD39+ CD8br  ,2914,GCST90001897
CD28 on CD4+,2920,GCST90001898
CD28 on CD4 Treg ,2920,GCST90001899
CD28 on resting Treg ,2919,GCST90001900
CD28 on CD39+ resting Treg ,2650,GCST90001901
CD28 on activated Treg,2920,GCST90001902
CD86 on myeloid DC,2871,GCST90001903
CD86 on CD62L+ myeloid DC,2871,GCST90001904
CD86 on monocyte,2850,GCST90001905
CD86 on granulocyte,2848,GCST90001906
CCR7 on naive CD4+,2910,GCST90001907
CCR7 on naive CD8br,2910,GCST90001908
CD45 on CD14+ monocyte,3112,GCST90001909
CD45 on B cell,3112,GCST90001910
CD45 on NK,3113,GCST90001911
CD45 on HLA DR+ NK,2971,GCST90001912
CD45 on granulocyte,3112,GCST90001913
CD45 on lymphocyte,3113,GCST90001914
CD45 on T cell,3113,GCST90001915
CD45 on CD4+,3113,GCST90001916
CD45 on CD8br,3113,GCST90001917
CD45 on HLA DR+ T cell,3060,GCST90001918
CD45 on NKT,3113,GCST90001919
CD45 on HLA DR+ CD4+,3060,GCST90001920
CD45 on HLA DR+ CD8br,3060,GCST90001921
CD127 on T cell,2920,GCST90001922
CD127 on CD45RA- CD4 not Treg,2920,GCST90001923
CD127 on CD28+ CD4+,2920,GCST90001924
CD127 on CD28+ DN (CD4-CD8-),2918,GCST90001925
CD127 on granulocyte,2920,GCST90001926
CD127 on CD8br,2920,GCST90001927
CD127 on CD28+ CD45RA- CD8br,2920,GCST90001928
CD127 on CD28+ CD45RA+ CD8br ,2920,GCST90001929
CD127 on CD28- CD8br ,2920,GCST90001930
CD127 on CD4+,2920,GCST90001931
CD127 on CD45RA+ CD4+ ,2920,GCST90001932
CD25 on  CD45RA- CD4 not Treg ,3575,GCST90001933
CD25 on CD45RA+ CD4 not Treg ,3575,GCST90001934
CD25 on CD39+ CD4 Treg  ,3575,GCST90001935
CD25 on CD4 Treg,3575,GCST90001936
CD25 on resting Treg ,3246,GCST90001937
CD25 on CD39+ resting Treg ,3574,GCST90001938
CD25 on activated Treg ,3574,GCST90001939
CD25 on CD39+ activated Treg ,3574,GCST90001940
CD25 on secreting Treg ,3574,GCST90001941
CD25 on CD39+ secreting Treg ,3574,GCST90001942
CD25 on activated & secreting Treg ,3574,GCST90001943
CD123 on plasmacytoid DC,2872,GCST90001944
CD123 on CD62L+ plasmacytoid DC,2872,GCST90001945
CD33 on CD14+ monocyte,1634,GCST90001946
CD33 on CD33br HLA DR+ CD14dim ,1577,GCST90001947
CD33 on CD33dim HLA DR+ CD11b+  ,1633,GCST90001948
CD33 on CD33dim HLA DR+ CD11b- ,1634,GCST90001949
CD33 on Gr MDSC  ,1244,GCST90001950
CD33 on CD66b++ myeloid cell,1464,GCST90001951
CD33 on Mo MDSC  ,1569,GCST90001952
CD33 on CD33dim HLA DR- ,1558,GCST90001953
CD33 on basophil ,1555,GCST90001954
CD33 on Im MDSC  ,1554,GCST90001955
CD33 on CD33br HLA DR+  ,1579,GCST90001956
CD33 on CD33br HLA DR+ CD14-  ,1578,GCST90001957
CD4 on monocyte,3112,GCST90001958
CD4 on HLA DR+ CD4+ ,3060,GCST90001959
CD25 on CD4+,2920,GCST90001960
CD25 on CD39+ CD4+ ,2920,GCST90001961
CD25 on CD28+ CD4+ ,2920,GCST90001962
FSC-A on myeloid DC ,2872,GCST90001963
FSC-A on plasmacytoid DC,2872,GCST90001964
FSC-A on monocyte,2850,GCST90001965
FSC-A on granulocyte,2850,GCST90001966
FSC-A on CD14+ monocyte,3112,GCST90001967
FSC-A on B cell,3112,GCST90001968
FSC-A on NK,3113,GCST90001969
FSC-A on HLA DR+ NK,2971,GCST90001970
FSC-A on lymphocyte,3113,GCST90001971
FSC-A on T cell,3113,GCST90001972
FSC-A on CD4+,3113,GCST90001973
FSC-A on CD8br,3113,GCST90001974
FSC-A on HLA DR+ T cell,3060,GCST90001975
FSC-A on NKT ,3113,GCST90001976
FSC-A on HLA DR+ CD4+,3060,GCST90001977
FSC-A on HLA DR+ CD8br,3060,GCST90001978
CD16 on CD14- CD16+ monocyte,3717,GCST90001979
CD40 on CD14+ CD16- monocyte,3727,GCST90001980
CD40 on CD14+ CD16+ monocyte ,3716,GCST90001981
CCR2 on CD14- CD16+ monocyte ,3719,GCST90001982
CD14 on CD14+ CD16+  monocyte,3727,GCST90001983
HLA DR on CD14- CD16+ monocyte,3719,GCST90001984
CD40 on monocytes,3727,GCST90001985
CD14 on CD14+ CD16- monocyte,3727,GCST90001986
CD64 on CD14+ CD16- monocyte ,3720,GCST90001987
HLA DR on CD14+ CD16- monocyte,3727,GCST90001988
CD40 on CD14- CD16+ monocyte ,3719,GCST90001989
CD64 on CD14- CD16+ monocyte ,3712,GCST90001990
HLA DR on CD14+ monocyte,3727,GCST90001991
 CCR2 on CD14+ CD16+ monocyte,3716,GCST90001992
PDL-1 on CD14+ CD16- monocyte,3727,GCST90001993
CX3CR1 on CD14- CD16- ,3687,GCST90001994
CX3CR1 on monocyte,3687,GCST90001995
CX3CR1 on CD14+ CD16+ monocyte,3676,GCST90001996
CX3CR1 on CD14+ CD16- monocyte,3687,GCST90001997
PDL-1 on CD14+ CD16+ monocyte,3716,GCST90001998
PDL-1 on CD14- CD16+ monocyte,3719,GCST90001999
PDL-1 on CD14- CD16- ,3727,GCST90002000
CD64 on CD14- CD16- ,3720,GCST90002001
PDL-1 on monocyte,3727,GCST90002002
CCR2 on CD14- CD16- ,3727,GCST90002003
CCR2 on CD14+ CD16- monocyte,3727,GCST90002004
CD16 on CD14+ CD16+ monocyte,3714,GCST90002005
CD64 on monocyte,3720,GCST90002006
HLA DR on CD14+ CD16+ monocyte,3716,GCST90002007
CCR2 on monocyte,3727,GCST90002008
HLA DR on CD14- CD16- ,3727,GCST90002009
HLA DR on monocyte,3727,GCST90002010
CD64 on CD14+ CD16+ monocyte,3709,GCST90002011
CX3CR1 on CD14- CD16+ monocyte,3679,GCST90002012
CCR2 on myeloid DC,2870,GCST90002013
CCR2 on CD62L+ myeloid DC,2870,GCST90002014
CCR2 on plasmacytoid DC,2871,GCST90002015
CCR2 on CD62L+ plasmacytoid DC,2871,GCST90002016
CCR2 on monocyte ,2850,GCST90002017
CCR2 on granulocyte,2850,GCST90002018
CD14 on Mo MDSC ,1570,GCST90002019
CD14 on CD33br HLA DR+ CD14dim  ,1578,GCST90002020
CD14  on CD33dim HLA DR+ CD11b+ ,1634,GCST90002021
CD4 on CD4+  ,2912,GCST90002022
CD4 on CM CD4 +,2912,GCST90002023
CD4 on naive CD4+ ,2910,GCST90002024
CD4 on EM CD4+ ,2912,GCST90002025
CD4 on TD CD4+  ,2903,GCST90002026
CD4 on CD45RA+ CD4+  ,2911,GCST90002027
CD19 on B cell,3112,GCST90002028
CD39 on CD39+ CD8br ,2915,GCST90002029
CD39 on CD39+ activated Treg ,2920,GCST90002030
CD39 on CD39+ secreting Treg   ,2920,GCST90002031
CD39 on CD39+ CD4+  ,2920,GCST90002032
CD39 on granulocyte  ,2920,GCST90002033
CD39 on monocyte  ,2909,GCST90002034
CD80 on myeloid DC ,2871,GCST90002035
CD80 on CD62L+ myeloid DC,2871,GCST90002036
CD80 on plasmacytoid DC,2871,GCST90002037
CD80 on CD62L+ plasmacytoid DC,2871,GCST90002038
CD80 on monocyte,2850,GCST90002039
CD80 on granulocyte,2850,GCST90002040
CD45 on lymphocyte ,1635,GCST90002041
CD45 on CD33br HLA DR+ CD14-  ,1579,GCST90002042
CD45 on CD33br HLA DR+ CD14dim  ,1578,GCST90002043
CD45 on CD33dim HLA DR+ CD11b-  ,1635,GCST90002044
CD45 on CD33- HLA DR- ,1635,GCST90002045
CD45 on CD33- HLA DR+  ,1635,GCST90002046
CD45 on Gr MDSC ,1244,GCST90002047
CD45 on CD66b++ myelod cell  ,1465,GCST90002048
CD45 on Mo MDSC  ,1570,GCST90002049
CD45 on CD33dim HLA DR- ,1559,GCST90002050
CD45 on basophil,1556,GCST90002051
CD45 on Im MDSC  ,1555,GCST90002052
CD45 on CD33br HLA DR+  ,1580,GCST90002053
CD8 on CM CD8br ,2910,GCST90002054
CD8 on naive CD8br,2910,GCST90002055
CD8 on EM CD8br  ,2912,GCST90002056
CD8 on TD CD8br,2911,GCST90002057
CD8 on  CD8br,3113,GCST90002058
CD8 on NKT,3103,GCST90002059
CD8 on HLA DR+ CD8br,3060,GCST90002060
CD4 on CD39+ CD4+   ,2920,GCST90002061
CD4 on CD28+ CD4+  ,2920,GCST90002062
CD4 on CD4 Treg,2920,GCST90002063
CD4 on resting Treg ,2919,GCST90002064
CD4 on CD39+ resting Treg ,2650,GCST90002065
CD4 on activated Treg ,2920,GCST90002066
CD4 on CD39+ activated Treg ,2920,GCST90002067
CD4 on secreting Treg  ,2920,GCST90002068
CD4 on CD39+ secreting Treg ,2920,GCST90002069
CD4 on activated & secreting Treg  ,2920,GCST90002070
SSC-A on myeloid DC ,2872,GCST90002071
SSC-A on plasmacytoid DC,2872,GCST90002072
SSC-A on monocyte,2850,GCST90002073
SSC-A on CD14+ monocyte,3112,GCST90002074
SSC-A on B cell,3112,GCST90002075
SSC-A on NK,3113,GCST90002076
SSC-A on HLA DR+ NK,2971,GCST90002077
SSC-A on granulocyte,3112,GCST90002078
SSC-A on lymphocyte,3113,GCST90002079
SSC-A on T cell,3113,GCST90002080
SSC-A on CD4+,3113,GCST90002081
SSC-A on CD8br,3113,GCST90002082
SSC-A on HLA DR+ T cell,3060,GCST90002083
SSC-A on NKT ,3113,GCST90002084
SSC-A on HLA DR+ CD4+,3060,GCST90002085
SSC-A on HLA DR+ CD8br,3060,GCST90002086
CD11c on myeloid DC,2872,GCST90002087
CD11c on CD62L+ myeloid DC,2872,GCST90002088
CD11c on monocyte ,2850,GCST90002089
CD11c on granulocyte ,2850,GCST90002090
CD11b on CD14+ monocyte,1635,GCST90002091
CD11b on Gr MDSC  ,1244,GCST90002092
CD11b on CD66b++ myeloid cell  ,1465,GCST90002093
CD11b on Mo MDSC ,1570,GCST90002094
CD11b on CD33dim HLA DR-  ,1559,GCST90002095
CD11b on basophil,1556,GCST90002096
CD11b on CD33br HLA DR+ CD14dim  ,1578,GCST90002097
CD45RA on naive CD4+ ,2910,GCST90002098
CD4RA on TD CD4+ ,2903,GCST90002099
CD45RA on naive CD8br,2910,GCST90002100
CD45RA on TD CD8br,2911,GCST90002101
CD45RA on resting Treg ,2919,GCST90002102
CD45RA on CD39+ resting Treg ,2650,GCST90002103
HLA DR on myeloid DC,2872,GCST90002104
HLA DR on plasmacytoid DC,2872,GCST90002105
HLA DR on DC,2871,GCST90002106
HLA DR on HSC,1634,GCST90002107
HLA DR on CD33br HLA DR+ CD14- ,1579,GCST90002108
HLA DR on CD33br HLA DR+ CD14dim ,1578,GCST90002109
HLA DR on CD33dim HLA DR+ CD11b+ ,1634,GCST90002110
HLA DR on CD33dim HLA DR+ CD11b- ,1635,GCST90002111
HLA DR on CD33- HLA DR+ ,1635,GCST90002112
HLA DR on  HLA DR+ T cell,3060,GCST90002113
HLA DR on  HLA DR+ CD4+,3060,GCST90002114
HLA DR on  HLA DR+ CD8br,3060,GCST90002115
HLA DR on B cell,3060,GCST90002116
HLA DR on HLA DR+ NK  ,2971,GCST90002117
CD8 on CD28+ CD45RA- CD8br  ,2920,GCST90002118
CD8 on CD28+ CD45RA+ CD8br ,2920,GCST90002119
CD8 on CD28- CD8br ,2920,GCST90002120
CD8 on CD39+ CD8br ,2915,GCST90002121
